Frequency_GHz,Abs0deg,Abs10deg,Abs20deg
75,2.26717634354175e-05,2.19433716718296e-05,2.19433716718296e-05
75.006012024,2.2661074759754e-05,2.18204206252092e-05,2.18204206252092e-05
75.0120240481,2.299537130942e-05,2.20232966293485e-05,2.20232966293485e-05
75.0180360721,2.28748597491268e-05,2.25359732029768e-05,2.25359732029768e-05
75.0240480962,2.25851864302781e-05,2.22585338359961e-05,2.22585338359961e-05
75.0300601202,2.30636811262639e-05,2.19893612991027e-05,2.19893612991027e-05
75.0360721443,2.32045489758807e-05,2.1984827241994e-05,2.1984827241994e-05
75.0420841683,2.30816047271173e-05,2.19905884024409e-05,2.19905884024409e-05
75.0480961924,2.30189547497096e-05,2.27007004282742e-05,2.27007004282742e-05
75.0541082164,2.3133699178098e-05,2.23307828659606e-05,2.23307828659606e-05
75.0601202405,2.33378221243988e-05,2.21372108352425e-05,2.21372108352425e-05
75.0661322645,2.33170554725406e-05,2.24113138711746e-05,2.24113138711746e-05
75.0721442886,2.33055064219536e-05,2.23029569696786e-05,2.23029569696786e-05
75.0781563126,2.35432602986055e-05,2.23007224425044e-05,2.23007224425044e-05
75.0841683367,2.3355543098113e-05,2.23719000234071e-05,2.23719000234071e-05
75.0901803607,2.35081866683688e-05,2.19230288480813e-05,2.19230288480813e-05
75.0961923848,2.37009001801696e-05,2.27467809633914e-05,2.27467809633914e-05
75.1022044088,2.37071620699408e-05,2.26323633241269e-05,2.26323633241269e-05
75.1082164329,2.40179665277455e-05,2.25084390164917e-05,2.25084390164917e-05
75.1142284569,2.37996822573897e-05,2.22429972544338e-05,2.22429972544338e-05
75.120240481,2.344919440006e-05,2.21599896861208e-05,2.21599896861208e-05
75.126252505,2.38360188206947e-05,2.28235623243829e-05,2.28235623243829e-05
75.1322645291,2.42164213237351e-05,2.28089981993139e-05,2.28089981993139e-05
75.1382765531,2.36823424885497e-05,2.2969674789971e-05,2.2969674789971e-05
75.1442885772,2.384980953641e-05,2.26422852992182e-05,2.26422852992182e-05
75.1503006012,2.4166021499205e-05,2.23648133346276e-05,2.23648133346276e-05
75.1563126253,2.429111098358e-05,2.26012545044516e-05,2.26012545044516e-05
75.1623246493,2.42170864998312e-05,2.27738516660116e-05,2.27738516660116e-05
75.1683366733,2.43111929645057e-05,2.27859299723015e-05,2.27859299723015e-05
75.1743486974,2.4396613692301e-05,2.26303653475599e-05,2.26303653475599e-05
75.1803607214,2.4518512577042e-05,2.27685869685819e-05,2.27685869685819e-05
75.1863727455,2.49692730660594e-05,2.29128111794913e-05,2.29128111794913e-05
75.1923847695,2.44763844064138e-05,2.24812269300844e-05,2.24812269300844e-05
75.1983967936,2.50438981428358e-05,2.28805778083232e-05,2.28805778083232e-05
75.2044088176,2.46138457561978e-05,2.29070346834443e-05,2.29070346834443e-05
75.2104208417,2.45888830172658e-05,2.26681946274757e-05,2.26681946274757e-05
75.2164328657,2.51617628588492e-05,2.27213384784014e-05,2.27213384784014e-05
75.2224448898,2.50799286604385e-05,2.2776900660578e-05,2.2776900660578e-05
75.2284569138,2.51898605279308e-05,2.27066504703233e-05,2.27066504703233e-05
75.2344689379,2.51709317985462e-05,2.29409486692537e-05,2.29409486692537e-05
75.2404809619,2.51337197318704e-05,2.28024992810332e-05,2.28024992810332e-05
75.246492986,2.53314469849318e-05,2.29284530355643e-05,2.29284530355643e-05
75.25250501,2.51368327314483e-05,2.2850005329301e-05,2.2850005329301e-05
75.2585170341,2.51562977207082e-05,2.30462548599263e-05,2.30462548599263e-05
75.2645290581,2.53462669539815e-05,2.32167331779931e-05,2.32167331779931e-05
75.2705410822,2.56610907932525e-05,2.28041155738081e-05,2.28041155738081e-05
75.2765531062,2.56831264249828e-05,2.25250834530774e-05,2.25250834530774e-05
75.2825651303,2.56874826921776e-05,2.26725649600413e-05,2.26725649600413e-05
75.2885771543,2.5706963831534e-05,2.30562438925261e-05,2.30562438925261e-05
75.2945891784,2.58607030720672e-05,2.32571718712657e-05,2.32571718712657e-05
75.3006012024,2.60045916486436e-05,2.27241832627434e-05,2.27241832627434e-05
75.3066132265,2.62058379288515e-05,2.31656767629538e-05,2.31656767629538e-05
75.3126252505,2.59730141275283e-05,2.29052096806977e-05,2.29052096806977e-05
75.3186372745,2.60330719550466e-05,2.32632436255523e-05,2.32632436255523e-05
75.3246492986,2.59797946605255e-05,2.33013578580718e-05,2.33013578580718e-05
75.3306613226,2.62506192422211e-05,2.27525764625745e-05,2.27525764625745e-05
75.3366733467,2.63156447838377e-05,2.34024513213744e-05,2.34024513213744e-05
75.3426853707,2.66825057221089e-05,2.33306570114389e-05,2.33306570114389e-05
75.3486973948,2.67560695417136e-05,2.28694350522339e-05,2.28694350522339e-05
75.3547094188,2.67061040744914e-05,2.31385956271208e-05,2.31385956271208e-05
75.3607214429,2.68023337695326e-05,2.34707321959772e-05,2.34707321959772e-05
75.3667334669,2.70981015941754e-05,2.32205540469639e-05,2.32205540469639e-05
75.372745491,2.69328546043386e-05,2.31244906464418e-05,2.31244906464418e-05
75.378757515,2.70704377662526e-05,2.2989299742276e-05,2.2989299742276e-05
75.3847695391,2.73093618003306e-05,2.34218390682062e-05,2.34218390682062e-05
75.3907815631,2.73127094856083e-05,2.35060925566316e-05,2.35060925566316e-05
75.3967935872,2.70813350548441e-05,2.30536758833773e-05,2.30536758833773e-05
75.4028056112,2.73924135225349e-05,2.31141079441544e-05,2.31141079441544e-05
75.4088176353,2.76129916253416e-05,2.33564982337983e-05,2.33564982337983e-05
75.4148296593,2.7463632896612e-05,2.35007819156056e-05,2.35007819156056e-05
75.4208416834,2.79476100424642e-05,2.32537019873466e-05,2.32537019873466e-05
75.4268537074,2.7601868810871e-05,2.34620451257465e-05,2.34620451257465e-05
75.4328657315,2.78039071716597e-05,2.34022164889215e-05,2.34022164889215e-05
75.4388777555,2.77628735311864e-05,2.31799639418459e-05,2.31799639418459e-05
75.4448897796,2.78507631654116e-05,2.34435742809938e-05,2.34435742809938e-05
75.4509018036,2.80228610925112e-05,2.34780635553805e-05,2.34780635553805e-05
75.4569138277,2.80626062445056e-05,2.34246872116444e-05,2.34246872116444e-05
75.4629258517,2.80081132760611e-05,2.34390645516271e-05,2.34390645516271e-05
75.4689378758,2.80985399947498e-05,2.34355567315779e-05,2.34355567315779e-05
75.4749498998,2.8382858984134e-05,2.34619080978005e-05,2.34619080978005e-05
75.4809619238,2.84604641895992e-05,2.34916669272098e-05,2.34916669272098e-05
75.4869739479,2.8279460852085e-05,2.34783585037015e-05,2.34783585037015e-05
75.4929859719,2.84534364561444e-05,2.34184361176261e-05,2.34184361176261e-05
75.498997996,2.85744251669358e-05,2.35347448524766e-05,2.35347448524766e-05
75.50501002,2.88262023442958e-05,2.34931318743643e-05,2.34931318743643e-05
75.5110220441,2.85746933317014e-05,2.3656159444493e-05,2.3656159444493e-05
75.5170340681,2.8621294223527e-05,2.35421087987214e-05,2.35421087987214e-05
75.5230460922,2.87920756928765e-05,2.3304164814295e-05,2.3304164814295e-05
75.5290581162,2.92312178731643e-05,2.36107441736908e-05,2.36107441736908e-05
75.5350701403,2.89372149637949e-05,2.38583730344996e-05,2.38583730344996e-05
75.5410821643,2.89722075678688e-05,2.36573743411522e-05,2.36573743411522e-05
75.5470941884,2.93209782847169e-05,2.36984154583902e-05,2.36984154583902e-05
75.5531062124,2.95156679563196e-05,2.37671977364908e-05,2.37671977364908e-05
75.5591182365,2.91626472375379e-05,2.39891010372115e-05,2.39891010372115e-05
75.5651302605,2.92799393778474e-05,2.37879328826204e-05,2.37879328826204e-05
75.5711422846,2.92979684010583e-05,2.36968563781861e-05,2.36968563781861e-05
75.5771543086,2.97796891522033e-05,2.36716056979203e-05,2.36716056979203e-05
75.5831663327,2.98127602275252e-05,2.36993373171167e-05,2.36993373171167e-05
75.5891783567,2.97514899602329e-05,2.39343724335681e-05,2.39343724335681e-05
75.5951903808,2.98593505846238e-05,2.4153591173938e-05,2.4153591173938e-05
75.6012024048,3.00568225720795e-05,2.387280059753e-05,2.387280059753e-05
75.6072144289,3.01696688888855e-05,2.37855231468332e-05,2.37855231468332e-05
75.6132264529,2.99897645896157e-05,2.37077860446993e-05,2.37077860446993e-05
75.619238477,3.01159330152297e-05,2.38874131334299e-05,2.38874131334299e-05
75.625250501,3.02453499455815e-05,2.40577505410868e-05,2.40577505410868e-05
75.6312625251,3.00735354753849e-05,2.4131227781536e-05,2.4131227781536e-05
75.6372745491,3.02680800984384e-05,2.41113509157884e-05,2.41113509157884e-05
75.6432865731,3.06875298824663e-05,2.38615348686094e-05,2.38615348686094e-05
75.6492985972,3.05460462329001e-05,2.38406777331826e-05,2.38406777331826e-05
75.6553106212,3.04999680415401e-05,2.41736913270904e-05,2.41736913270904e-05
75.6613226453,3.0859009996969e-05,2.398184407297e-05,2.398184407297e-05
75.6673346693,3.09192416507145e-05,2.4225338957098e-05,2.4225338957098e-05
75.6733466934,3.09147744946693e-05,2.42482737038439e-05,2.42482737038439e-05
75.6793587174,3.10721037686592e-05,2.42094669768364e-05,2.42094669768364e-05
75.6853707415,3.11582090039863e-05,2.41511403303542e-05,2.41511403303542e-05
75.6913827655,3.12774907576147e-05,2.41238760571573e-05,2.41238760571573e-05
75.6973947896,3.0958736008468e-05,2.40146183822698e-05,2.40146183822698e-05
75.7034068136,3.14960901248809e-05,2.44434596254648e-05,2.44434596254648e-05
75.7094188377,3.16820726412655e-05,2.43451734049296e-05,2.43451734049296e-05
75.7154308617,3.16193176769907e-05,2.4434010037066e-05,2.4434010037066e-05
75.7214428858,3.16963823531135e-05,2.43066496881756e-05,2.43066496881756e-05
75.7274549098,3.15994178996491e-05,2.41689005166674e-05,2.41689005166674e-05
75.7334669339,3.17027089535434e-05,2.43741293839644e-05,2.43741293839644e-05
75.7394789579,3.18863572717249e-05,2.44463399981315e-05,2.44463399981315e-05
75.745490982,3.21305697384122e-05,2.44215671312458e-05,2.44215671312458e-05
75.751503006,3.20695026760378e-05,2.43411637242601e-05,2.43411637242601e-05
75.7575150301,3.19347233395814e-05,2.44231758252605e-05,2.44231758252605e-05
75.7635270541,3.24900252103505e-05,2.45229495361362e-05,2.45229495361362e-05
75.7695390782,3.242423122622e-05,2.47264688971451e-05,2.47264688971451e-05
75.7755511022,3.25534026166175e-05,2.45869493064505e-05,2.45869493064505e-05
75.7815631263,3.26017218149953e-05,2.45105603492558e-05,2.45105603492558e-05
75.7875751503,3.26854514746752e-05,2.4578063825082e-05,2.4578063825082e-05
75.7935871743,3.27075560632146e-05,2.46456923136089e-05,2.46456923136089e-05
75.7995991984,3.30571268014591e-05,2.48122355821785e-05,2.48122355821785e-05
75.8056112224,3.30434720856637e-05,2.45854564926481e-05,2.45854564926481e-05
75.8116232465,3.31255636597713e-05,2.44265093409216e-05,2.44265093409216e-05
75.8176352705,3.30832344744903e-05,2.47333635592467e-05,2.47333635592467e-05
75.8236472946,3.33441745952458e-05,2.47234481270005e-05,2.47234481270005e-05
75.8296593186,3.34876450933908e-05,2.48023214100892e-05,2.48023214100892e-05
75.8356713427,3.35270490948156e-05,2.4628402208289e-05,2.4628402208289e-05
75.8416833667,3.34296462130871e-05,2.47134121419259e-05,2.47134121419259e-05
75.8476953908,3.33634215301466e-05,2.50663050282165e-05,2.50663050282165e-05
75.8537074148,3.37378678110005e-05,2.49184452855698e-05,2.49184452855698e-05
75.8597194389,3.39453620203368e-05,2.46637728591378e-05,2.46637728591378e-05
75.8657314629,3.40690961438306e-05,2.5237815710577e-05,2.5237815710577e-05
75.871743487,3.42992172595311e-05,2.50996640873885e-05,2.50996640873885e-05
75.877755511,3.45283870606011e-05,2.48216402908666e-05,2.48216402908666e-05
75.8837675351,3.43254153965651e-05,2.50931300699285e-05,2.50931300699285e-05
75.8897795591,3.45351858221926e-05,2.50040361024666e-05,2.50040361024666e-05
75.8957915832,3.46220079589894e-05,2.49576361557677e-05,2.49576361557677e-05
75.9018036072,3.49704102998904e-05,2.5022491314101e-05,2.5022491314101e-05
75.9078156313,3.50488007760929e-05,2.49745789349553e-05,2.49745789349553e-05
75.9138276553,3.48032096871597e-05,2.51948458014592e-05,2.51948458014592e-05
75.9198396794,3.48316260968602e-05,2.52534856561445e-05,2.52534856561445e-05
75.9258517034,3.51237884827245e-05,2.52773497581883e-05,2.52773497581883e-05
75.9318637275,3.56266747749482e-05,2.53727890143819e-05,2.53727890143819e-05
75.9378757515,3.57751249591055e-05,2.54317929763848e-05,2.54317929763848e-05
75.9438877756,3.57620538380974e-05,2.55883414058312e-05,2.55883414058312e-05
75.9498997996,3.61079495383097e-05,2.54236705285345e-05,2.54236705285345e-05
75.9559118236,3.62138240394861e-05,2.53756500642355e-05,2.53756500642355e-05
75.9619238477,3.60956957291166e-05,2.52860490847265e-05,2.52860490847265e-05
75.9679358717,3.5923570737648e-05,2.54545158877914e-05,2.54545158877914e-05
75.9739478958,3.65906328075015e-05,2.56955309814079e-05,2.56955309814079e-05
75.9799599198,3.65094846462264e-05,2.60326843425334e-05,2.60326843425334e-05
75.9859719439,3.65742499075242e-05,2.57444747724846e-05,2.57444747724846e-05
75.9919839679,3.6708377017148e-05,2.54770077451065e-05,2.54770077451065e-05
75.997995992,3.68238157471384e-05,2.54455625489672e-05,2.54455625489672e-05
76.004008016,3.75486846033947e-05,2.56528868824843e-05,2.56528868824843e-05
76.0100200401,3.71690000469022e-05,2.60766679026138e-05,2.60766679026138e-05
76.0160320641,3.78987171809557e-05,2.63341795388356e-05,2.63341795388356e-05
76.0220440882,3.73363622389984e-05,2.6070055311853e-05,2.6070055311853e-05
76.0280561122,3.7648922230928e-05,2.60042456387821e-05,2.60042456387821e-05
76.0340681363,3.78904885799275e-05,2.6224626584803e-05,2.6224626584803e-05
76.0400801603,3.78128690360136e-05,2.60988562616867e-05,2.60988562616867e-05
76.0460921844,3.80816107565161e-05,2.64007262803909e-05,2.64007262803909e-05
76.0521042084,3.81953486192478e-05,2.61675859404995e-05,2.61675859404995e-05
76.0581162325,3.88411990596852e-05,2.66207777278286e-05,2.66207777278286e-05
76.0641282565,3.81833712058649e-05,2.61465654683342e-05,2.61465654683342e-05
76.0701402806,3.84916025992092e-05,2.60579125217151e-05,2.60579125217151e-05
76.0761523046,3.90861458335672e-05,2.59517641920432e-05,2.59517641920432e-05
76.0821643287,3.91723034037899e-05,2.6567424706411e-05,2.6567424706411e-05
76.0881763527,3.86410957178952e-05,2.65665449383617e-05,2.65665449383617e-05
76.0941883768,3.90586094445165e-05,2.65481291016203e-05,2.65481291016203e-05
76.1002004008,3.9383664233721e-05,2.64181230014789e-05,2.64181230014789e-05
76.1062124248,3.94971033362476e-05,2.70496250534634e-05,2.70496250534634e-05
76.1122244489,4.00535716667159e-05,2.71708308304107e-05,2.71708308304107e-05
76.1182364729,4.00805701611305e-05,2.6586178998236e-05,2.6586178998236e-05
76.124248497,4.00734191090041e-05,2.67538225972729e-05,2.67538225972729e-05
76.130260521,4.06559080030892e-05,2.71877613511237e-05,2.71877613511237e-05
76.1362725451,4.03577879339975e-05,2.72763586701931e-05,2.72763586701931e-05
76.1422845691,4.01270434735009e-05,2.71535488911721e-05,2.71535488911721e-05
76.1482965932,4.07806612185478e-05,2.7099476666718e-05,2.7099476666718e-05
76.1543086172,4.12821493764228e-05,2.73641983793789e-05,2.73641983793789e-05
76.1603206413,4.13860168374105e-05,2.7435919410458e-05,2.7435919410458e-05
76.1663326653,4.0726981703977e-05,2.70528070294297e-05,2.70528070294297e-05
76.1723446894,4.15322084677292e-05,2.70203774970879e-05,2.70203774970879e-05
76.1783567134,4.13812876054688e-05,2.75859713005762e-05,2.75859713005762e-05
76.1843687375,4.12206066443751e-05,2.7470531904873e-05,2.7470531904873e-05
76.1903807615,4.1621598462145e-05,2.77322844480278e-05,2.77322844480278e-05
76.1963927856,4.22415406886933e-05,2.75368243670606e-05,2.75368243670606e-05
76.2024048096,4.23826803466118e-05,2.76113609429766e-05,2.76113609429766e-05
76.2084168337,4.23261208894696e-05,2.80200803497874e-05,2.80200803497874e-05
76.2144288577,4.21587678866899e-05,2.78599451739007e-05,2.78599451739007e-05
76.2204408818,4.28008647526472e-05,2.7521209499165e-05,2.7521209499165e-05
76.2264529058,4.28191073857443e-05,2.74583197566962e-05,2.74583197566962e-05
76.2324649299,4.31753657366866e-05,2.77092763156408e-05,2.77092763156408e-05
76.2384769539,4.30235791864426e-05,2.82568617964886e-05,2.82568617964886e-05
76.244488978,4.32382741722922e-05,2.83245325444171e-05,2.83245325444171e-05
76.250501002,4.35532798355203e-05,2.82890745291371e-05,2.82890745291371e-05
76.2565130261,4.31629510200372e-05,2.84436159499279e-05,2.84436159499279e-05
76.2625250501,4.36711162040948e-05,2.82856093561055e-05,2.82856093561055e-05
76.2685370741,4.46913287832214e-05,2.79986287021347e-05,2.79986287021347e-05
76.2745490982,4.48866029663238e-05,2.81077399500181e-05,2.81077399500181e-05
76.2805611222,4.46419670163649e-05,2.81944252895591e-05,2.81944252895591e-05
76.2865731463,4.45087724763851e-05,2.80475798010298e-05,2.80475798010298e-05
76.2925851703,4.49659838023042e-05,2.83774730155032e-05,2.83774730155032e-05
76.2985971944,4.48286910946183e-05,2.86794385857489e-05,2.86794385857489e-05
76.3046092184,4.46823563595241e-05,2.89905507873565e-05,2.89905507873565e-05
76.3106212425,4.48003627392706e-05,2.8694699370035e-05,2.8694699370035e-05
76.3166332665,4.55620059624759e-05,2.83609683332475e-05,2.83609683332475e-05
76.3226452906,4.6023364555491e-05,2.85792991475023e-05,2.85792991475023e-05
76.3286573146,4.54289781826885e-05,2.85948547147841e-05,2.85948547147841e-05
76.3346693387,4.63387346773525e-05,2.87965747889966e-05,2.87965747889966e-05
76.3406813627,4.60262415411661e-05,2.82985009021435e-05,2.82985009021435e-05
76.3466933868,4.61986400324148e-05,2.83497397474433e-05,2.83497397474433e-05
76.3527054108,4.67300237677061e-05,2.92093844467579e-05,2.92093844467579e-05
76.3587174349,4.67433242037736e-05,2.88694262289119e-05,2.88694262289119e-05
76.3647294589,4.76138194738465e-05,2.87412234637223e-05,2.87412234637223e-05
76.370741483,4.75420228400619e-05,2.87050119975206e-05,2.87050119975206e-05
76.376753507,4.71455929609588e-05,2.91132964050924e-05,2.91132964050924e-05
76.3827655311,4.69627627985891e-05,2.88897492863401e-05,2.88897492863401e-05
76.3887775551,4.7284775738377e-05,2.9052666102714e-05,2.9052666102714e-05
76.3947895792,4.72395845602526e-05,2.89821730353698e-05,2.89821730353698e-05
76.4008016032,4.79734965438264e-05,2.91566620931035e-05,2.91566620931035e-05
76.4068136273,4.81759388640853e-05,2.89556376921483e-05,2.89556376921483e-05
76.4128256513,4.75941148128358e-05,2.88451767548912e-05,2.88451767548912e-05
76.4188376754,4.80586432995382e-05,2.93835236953818e-05,2.93835236953818e-05
76.4248496994,4.84989229343004e-05,2.97786301663712e-05,2.97786301663712e-05
76.4308617234,4.92180922555315e-05,2.90041114427112e-05,2.90041114427112e-05
76.4368737475,4.93881633525555e-05,2.96383805961492e-05,2.96383805961492e-05
76.4428857715,4.88355911438224e-05,2.9499472824069e-05,2.9499472824069e-05
76.4488977956,4.93731680522611e-05,2.99909629477219e-05,2.99909629477219e-05
76.4549098196,4.91614626501998e-05,2.98591365521596e-05,2.98591365521596e-05
76.4609218437,4.93393772375085e-05,2.9467103446535e-05,2.9467103446535e-05
76.4669338677,4.9877040918808e-05,2.9736991925204e-05,2.9736991925204e-05
76.4729458918,4.96094687212971e-05,2.98019765539207e-05,2.98019765539207e-05
76.4789579158,5.02375787609619e-05,3.01664407924885e-05,3.01664407924885e-05
76.4849699399,5.05626414038707e-05,3.00504782446327e-05,3.00504782446327e-05
76.4909819639,4.95453926089822e-05,3.00181453007789e-05,3.00181453007789e-05
76.496993988,5.03196042623873e-05,2.97830158933317e-05,2.97830158933317e-05
76.503006012,5.11491094195872e-05,3.03942413766839e-05,3.03942413766839e-05
76.5090180361,5.07697912504267e-05,3.03662158360264e-05,3.03662158360264e-05
76.5150300601,5.08884390372166e-05,3.05122965056371e-05,3.05122965056371e-05
76.5210420842,5.19785576145078e-05,3.04031677929187e-05,3.04031677929187e-05
76.5270541082,5.09076082326522e-05,3.0342935978115e-05,3.0342935978115e-05
76.5330661323,5.20048985896283e-05,3.04939829170031e-05,3.04939829170031e-05
76.5390781563,5.13846116186123e-05,3.08525261076481e-05,3.08525261076481e-05
76.5450901804,5.22170865582287e-05,3.09386935276941e-05,3.09386935276941e-05
76.5511022044,5.20219047508848e-05,3.04226789174895e-05,3.04226789174895e-05
76.5571142285,5.23331454180847e-05,3.07698035064542e-05,3.07698035064542e-05
76.5631262525,5.26484727563743e-05,3.10913676689874e-05,3.10913676689874e-05
76.5691382766,5.20661248603158e-05,3.13202957488968e-05,3.13202957488968e-05
76.5751503006,5.28327784222466e-05,3.11170771204807e-05,3.11170771204807e-05
76.5811623246,5.35374626304492e-05,3.11905053948404e-05,3.11905053948404e-05
76.5871743487,5.37488300005176e-05,3.15923489475052e-05,3.15923489475052e-05
76.5931863727,5.3540028730779e-05,3.17224493042609e-05,3.17224493042609e-05
76.5991983968,5.4399642035012e-05,3.188155646373e-05,3.188155646373e-05
76.6052104208,5.41880410402077e-05,3.19147037444044e-05,3.19147037444044e-05
76.6112224449,5.49712449657745e-05,3.1931835014918e-05,3.1931835014918e-05
76.6172344689,5.56525557857377e-05,3.1953681590104e-05,3.1953681590104e-05
76.623246493,5.5080535392724e-05,3.24949494452243e-05,3.24949494452243e-05
76.629258517,5.50844263824337e-05,3.22229494067386e-05,3.22229494067386e-05
76.6352705411,5.55551632624714e-05,3.24111532210945e-05,3.24111532210945e-05
76.6412825651,5.66845480196816e-05,3.26535212781886e-05,3.26535212781886e-05
76.6472945892,5.69184807880529e-05,3.26704711646914e-05,3.26704711646914e-05
76.6533066132,5.663201910368e-05,3.27599925972444e-05,3.27599925972444e-05
76.6593186373,5.68130246844387e-05,3.28819410473767e-05,3.28819410473767e-05
76.6653306613,5.69727726964365e-05,3.30653299868202e-05,3.30653299868202e-05
76.6713426854,5.77408810065565e-05,3.33537395699111e-05,3.33537395699111e-05
76.6773547094,5.79761990142018e-05,3.35184238963272e-05,3.35184238963272e-05
76.6833667335,5.8716330698179e-05,3.37490081017899e-05,3.37490081017899e-05
76.6893787575,5.86307256959052e-05,3.39890960011734e-05,3.39890960011734e-05
76.6953907816,5.82560111653866e-05,3.41772980392969e-05,3.41772980392969e-05
76.7014028056,5.90543278138635e-05,3.41290804967128e-05,3.41290804967128e-05
76.7074148297,5.8588308873844e-05,3.39998314358325e-05,3.39998314358325e-05
76.7134268537,5.9544188842488e-05,3.43548735017182e-05,3.43548735017182e-05
76.7194388778,6.03153847735799e-05,3.47229548894872e-05,3.47229548894872e-05
76.7254509018,6.01306972323887e-05,3.48887072652885e-05,3.48887072652885e-05
76.7314629259,6.09735203436232e-05,3.52858311545851e-05,3.52858311545851e-05
76.7374749499,6.11265849557385e-05,3.5369373908826e-05,3.5369373908826e-05
76.7434869739,6.14839973056166e-05,3.514868859609e-05,3.514868859609e-05
76.749498998,6.06666802035259e-05,3.55767863110203e-05,3.55767863110203e-05
76.755511022,6.11831206442794e-05,3.57519247044086e-05,3.57519247044086e-05
76.7615230461,6.19622430204101e-05,3.6090435777667e-05,3.6090435777667e-05
76.7675350701,6.25816720092317e-05,3.6566707186257e-05,3.6566707186257e-05
76.7735470942,6.25918299243152e-05,3.62149293360461e-05,3.62149293360461e-05
76.7795591182,6.26959230855606e-05,3.63395650052844e-05,3.63395650052844e-05
76.7855711423,6.24911351225554e-05,3.67615992624246e-05,3.67615992624246e-05
76.7915831663,6.33069860571197e-05,3.73207480334502e-05,3.73207480334502e-05
76.7975951904,6.44022958821648e-05,3.68588310703255e-05,3.68588310703255e-05
76.8036072144,6.47273866515964e-05,3.75993679688519e-05,3.75993679688519e-05
76.8096192385,6.56684098497953e-05,3.78442339091843e-05,3.78442339091843e-05
76.8156312625,6.5994286340864e-05,3.76232109383822e-05,3.76232109383822e-05
76.8216432866,6.52935170292996e-05,3.79512972337344e-05,3.79512972337344e-05
76.8276553106,6.68722477428769e-05,3.82357966560099e-05,3.82357966560099e-05
76.8336673347,6.68339295555829e-05,3.85841445608222e-05,3.85841445608222e-05
76.8396793587,6.69341392357393e-05,3.8269461343123e-05,3.8269461343123e-05
76.8456913828,6.78996965371091e-05,3.92124918542199e-05,3.92124918542199e-05
76.8517034068,6.89525460675206e-05,3.93955961695342e-05,3.93955961695342e-05
76.8577154309,6.94950906146579e-05,3.97152004939249e-05,3.97152004939249e-05
76.8637274549,6.93921934348634e-05,3.98232201554667e-05,3.98232201554667e-05
76.869739479,6.98600273176725e-05,3.96840809058804e-05,3.96840809058804e-05
76.875751503,7.07157284038381e-05,4.05843092103398e-05,4.05843092103398e-05
76.8817635271,7.13778852325169e-05,4.04061850564005e-05,4.04061850564005e-05
76.8877755511,7.22254082189663e-05,4.04430200833428e-05,4.04430200833428e-05
76.8937875752,7.29514615782434e-05,4.11874597237186e-05,4.11874597237186e-05
76.8997995992,7.33168059481189e-05,4.17163085769988e-05,4.17163085769988e-05
76.9058116232,7.4052283697502e-05,4.19814424085963e-05,4.19814424085963e-05
76.9118236473,7.6070535414057e-05,4.25066149878349e-05,4.25066149878349e-05
76.9178356713,7.64280622996279e-05,4.22657788861838e-05,4.22657788861838e-05
76.9238476954,7.67809696765462e-05,4.2570727379959e-05,4.2570727379959e-05
76.9298597194,7.73767666483296e-05,4.31100132646316e-05,4.31100132646316e-05
76.9358717435,7.85812519306568e-05,4.36721279846083e-05,4.36721279846083e-05
76.9418837675,7.95660818626501e-05,4.36862214016971e-05,4.36862214016971e-05
76.9478957916,7.96895320204045e-05,4.38363972173088e-05,4.38363972173088e-05
76.9539078156,8.11402113051526e-05,4.4280677387237e-05,4.4280677387237e-05
76.9599198397,8.24364882619556e-05,4.48788287417395e-05,4.48788287417395e-05
76.9659318637,8.30665677975564e-05,4.51352478875755e-05,4.51352478875755e-05
76.9719438878,8.3753753609582e-05,4.55227616366392e-05,4.55227616366392e-05
76.9779559118,8.40738024981394e-05,4.53961877618458e-05,4.53961877618458e-05
76.9839679359,8.61103999082076e-05,4.53224699356705e-05,4.53224699356705e-05
76.9899799599,8.81291973895917e-05,4.63248600755439e-05,4.63248600755439e-05
76.995991984,8.80609677049426e-05,4.74337594067236e-05,4.74337594067236e-05
77.002004008,9.02346272188796e-05,4.76674610712864e-05,4.76674610712864e-05
77.0080160321,9.13760117335256e-05,4.70354458638532e-05,4.70354458638532e-05
77.0140280561,9.23792348803659e-05,4.73548166913893e-05,4.73548166913893e-05
77.0200400802,9.3131388655959e-05,4.86560960125662e-05,4.86560960125662e-05
77.0260521042,9.39813826710215e-05,4.94363991378184e-05,4.94363991378184e-05
77.0320641283,9.59140233661206e-05,4.89091240870606e-05,4.89091240870606e-05
77.0380761523,9.88881599528994e-05,4.96959013643276e-05,4.96959013643276e-05
77.0440881764,0.000100941086733197,5.07507445319864e-05,5.07507445319864e-05
77.0501002004,0.000101056256252554,5.13684719570241e-05,5.13684719570241e-05
77.0561122244,0.000103232809704396,5.08275629747721e-05,5.08275629747721e-05
77.0621242485,0.000104092045495196,5.12353559642902e-05,5.12353559642902e-05
77.0681362725,0.000105965745217627,5.26496069354516e-05,5.26496069354516e-05
77.0741482966,0.000108942320625978,5.29304674399687e-05,5.29304674399687e-05
77.0801603206,0.000111658894124509,5.37287901287768e-05,5.37287901287768e-05
77.0861723447,0.000113597321723972,5.4457667141186e-05,5.4457667141186e-05
77.0921843687,0.000113808711568879,5.4610076785816e-05,5.4610076785816e-05
77.0981963928,0.000116706286972611,5.55929973443435e-05,5.55929973443435e-05
77.1042084168,0.000120567970503592,5.58686022930432e-05,5.58686022930432e-05
77.1102204409,0.000122058996682802,5.66396587900526e-05,5.66396587900526e-05
77.1162324649,0.000123604675969921,5.64250700507509e-05,5.64250700507509e-05
77.122244489,0.000127126384124063,5.77608325242513e-05,5.77608325242513e-05
77.128256513,0.000127805180654495,5.89033421733472e-05,5.89033421733472e-05
77.1342685371,0.000130738857418435,6.0226883815649e-05,6.0226883815649e-05
77.1402805611,0.000135874152671852,5.89936787758532e-05,5.89936787758532e-05
77.1462925852,0.000138681317430458,6.03789622683837e-05,6.03789622683837e-05
77.1523046092,0.000140729101531505,6.20686116437193e-05,6.20686116437193e-05
77.1583166333,0.000146067295142382,6.31034322107129e-05,6.31034322107129e-05
77.1643286573,0.000149172644609668,6.18919985626817e-05,6.18919985626817e-05
77.1703406814,0.000152882548359436,6.35597684122565e-05,6.35597684122565e-05
77.1763527054,0.000158316561508574,6.60510493290068e-05,6.60510493290068e-05
77.1823647295,0.000161781141911701,6.50182534683793e-05,6.50182534683793e-05
77.1883767535,0.000163320326148103,6.52126830671956e-05,6.52126830671956e-05
77.1943887776,0.00016629098260769,6.72735737099742e-05,6.72735737099742e-05
77.2004008016,0.000169540884235717,6.76985812759827e-05,6.76985812759827e-05
77.2064128257,0.000179964437361627,6.84520222031714e-05,6.84520222031714e-05
77.2124248497,0.000179533953717273,7.05900172836216e-05,7.05900172836216e-05
77.2184368737,0.000181860188060976,6.9539332912528e-05,6.9539332912528e-05
77.2244488978,0.0001974086607918,7.27211533604227e-05,7.27211533604227e-05
77.2304609218,0.000203305535360228,7.27890246185983e-05,7.27890246185983e-05
77.2364729459,0.000204800284958185,7.48714348279182e-05,7.48714348279182e-05
77.2424849699,0.000211261149983811,7.5547577508319e-05,7.5547577508319e-05
77.248496994,0.000220757887197953,7.60018705377033e-05,7.60018705377033e-05
77.254509018,0.000225974200741528,7.78457642381538e-05,7.78457642381538e-05
77.2605210421,0.000230113874244398,8.03095583300521e-05,8.03095583300521e-05
77.2665330661,0.000248379778446039,8.02213697191609e-05,8.02213697191609e-05
77.2725450902,0.000248583822749278,8.01541401203833e-05,8.01541401203833e-05
77.2785571142,0.000248351594947914,8.18284807534885e-05,8.18284807534885e-05
77.2845691383,0.000259312652485594,8.20061063747261e-05,8.20061063747261e-05
77.2905811623,0.000272027242808609,8.55862772608756e-05,8.55862772608756e-05
77.2965931864,0.000292232281421857,8.78216153684163e-05,8.78216153684163e-05
77.3026052104,0.000296699424850689,8.79961206557482e-05,8.79961206557482e-05
77.3086172345,0.00030829849626479,8.94287266506744e-05,8.94287266506744e-05
77.3146292585,0.000323099957213429,9.09916727431693e-05,9.09916727431693e-05
77.3206412826,0.000334627783505336,9.42903511299268e-05,9.42903511299268e-05
77.3266533066,0.000354309192070619,9.26925544508223e-05,9.26925544508223e-05
77.3326653307,0.000365300220456118,9.43722117944452e-05,9.43722117944452e-05
77.3386773547,0.000386050447687057,9.9563016305029e-05,9.9563016305029e-05
77.3446893788,0.000398097519871251,9.77000339389538e-05,9.77000339389538e-05
77.3507014028,0.000414051644771883,0.000100323675566529,0.000100323675566529
77.3567134269,0.000451735198772392,9.89662024827395e-05,9.89662024827395e-05
77.3627254509,0.00046334000209526,0.000106449190918344,0.000106449190918344
77.3687374749,0.000513567982348498,0.000110186143893332,0.000110186143893332
77.374749499,0.000515427162204049,0.000107832806152208,0.000107832806152208
77.380761523,0.00054282002319572,0.000108028485104207,0.000108028485104207
77.3867735471,0.000569975749303484,0.000110863435486744,0.000110863435486744
77.3927855711,0.000634876455577303,0.000113972279098078,0.000113972279098078
77.3987975952,0.000663501455368446,0.000118929183026655,0.000118929183026655
77.4048096192,0.000668842382606834,0.000117092705141162,0.000117092705141162
77.4108216433,0.000782403867680732,0.000123926479277706,0.000123926479277706
77.4168336673,0.000793980117174621,0.00012894041276917,0.00012894041276917
77.4228456914,0.000812454065986901,0.000124781843083834,0.000124781843083834
77.4288577154,0.000876497143467954,0.000126662201008521,0.000126662201008521
77.4348697395,0.00101366962454001,0.000130279700909407,0.000130279700909407
77.4408817635,0.00107740975683369,0.000134739264308556,0.000134739264308556
77.4468937876,0.00121491503990221,0.000137956151091126,0.000137956151091126
77.4529058116,0.00116526471472062,0.000142329625762717,0.000142329625762717
77.4589178357,0.00128474227733823,0.000144599217968639,0.000144599217968639
77.4649298597,0.00157707342913946,0.00014804384815647,0.00014804384815647
77.4709418838,0.00163171008639124,0.000144936735069742,0.000144936735069742
77.4769539078,0.00186654379006718,0.000154256100425525,0.000154256100425525
77.4829659319,0.00225622088889546,0.000165220684791891,0.000165220684791891
77.4889779559,0.00236225570961853,0.000171015968490447,0.000171015968490447
77.49498998,0.00250789606889339,0.000164215251024507,0.000164215251024507
77.501002004,0.00303982423226295,0.000166855117114282,0.000166855117114282
77.5070140281,0.00330517416096345,0.000171996183460738,0.000171996183460738
77.5130260521,0.00391147074632344,0.000178368750371623,0.000178368750371623
77.5190380762,0.00470817404771284,0.000184766191325598,0.000184766191325598
77.5250501002,0.00505920029793357,0.000193195546355681,0.000193195546355681
77.5310621242,0.00596351186626137,0.000193840876558815,0.000193840876558815
77.5370741483,0.00880968001887746,0.000201750498021301,0.000201750498021301
77.5430861723,0.0117683993927731,0.000201909882790208,0.000201909882790208
77.5490981964,0.0129276836602365,0.000208493025939179,0.000208493025939179
77.5551102204,0.0200340100746637,0.000220473581504342,0.000220473581504342
77.5611222445,0.0198687747391058,0.000218489329506504,0.000218489329506504
77.5671342685,0.0398824847601918,0.000241282492071432,0.000241282492071432
77.5731462926,0.108195191001284,0.000238560607617922,0.000238560607617922
77.5791583166,0.106766781670555,0.000242580113719006,0.000242580113719006
77.5851703407,0.364584509090746,0.000263704885657679,0.000263704885657679
77.5911823647,0.944524261104085,0.000262052099981553,0.000262052099981553
77.5971943888,0.585547336974805,0.000267462278047601,0.000267462278047601
77.6032064128,0.331742469077602,0.000270163841433989,0.000270163841433989
77.6092184369,0.158033989966483,0.000276823581187671,0.000276823581187671
77.6152304609,0.045235043678392,0.000299948077565032,0.000299948077565032
77.621242485,0.027193132808506,0.000316029531812436,0.000316029531812436
77.627254509,0.01954748352075,0.000317138177776804,0.000317138177776804
77.6332665331,0.0172458776119374,0.000327393807637957,0.000327393807637957
77.6392785571,0.0118577790662913,0.000338827188502776,0.000338827188502776
77.6452905812,0.00998059878832814,0.000359212192801923,0.000359212192801923
77.6513026052,0.00789220973858488,0.000390838066386691,0.000390838066386691
77.6573146293,0.00614998357648748,0.000384787609488302,0.000384787609488302
77.6633266533,0.00562519428060444,0.000401071909099371,0.000401071909099371
77.6693386774,0.00493843780947072,0.000435349618023864,0.000435349618023864
77.6753507014,0.00412987684827387,0.000452179216854947,0.000452179216854947
77.6813627255,0.00363281525007629,0.000453057884119238,0.000453057884119238
77.6873747495,0.00323633497725396,0.000489605373915532,0.000489605373915532
77.6933867735,0.00292548708976258,0.00052121247034551,0.00052121247034551
77.6993987976,0.00269887630651333,0.000539321004088433,0.000539321004088433
77.7054108216,0.00232594043966704,0.000571422713883162,0.000571422713883162
77.7114228457,0.00207291929279458,0.000601454339114171,0.000601454339114171
77.7174348697,0.00197985826082166,0.000630790328677229,0.000630790328677229
77.7234468938,0.00176104371825666,0.000675959617232026,0.000675959617232026
77.7294589178,0.00161444668529544,0.000748060189801899,0.000748060189801899
77.7354709419,0.00152323646923947,0.000776975811272101,0.000776975811272101
77.7414829659,0.00144768488800303,0.000828791677870717,0.000828791677870717
77.74749499,0.00137880960895186,0.000899009174595207,0.000899009174595207
77.753507014,0.00125806642329621,0.00097054382624196,0.00097054382624196
77.7595190381,0.00117237417390062,0.00103462084644185,0.00103462084644185
77.7655310621,0.00109743256615265,0.00111808248333244,0.00111808248333244
77.7715430862,0.00100626470258824,0.00121297230939484,0.00121297230939484
77.7775551102,0.000945925819426039,0.00135011851198576,0.00135011851198576
77.7835671343,0.000913575912633921,0.00150914369225891,0.00150914369225891
77.7895791583,0.000879979778053048,0.00166878636102108,0.00166878636102108
77.7955911824,0.000836850523568277,0.00189749249764142,0.00189749249764142
77.8016032064,0.000787059975627603,0.00207888602351424,0.00207888602351424
77.8076152305,0.00076049684053062,0.00245435568206918,0.00245435568206918
77.8136272545,0.000724231940649503,0.00290475627453092,0.00290475627453092
77.8196392786,0.000694506684773436,0.00317796644287119,0.00317796644287119
77.8256513026,0.000646275915865575,0.00341585011558182,0.00341585011558182
77.8316633267,0.000632487131534543,0.00502979751961095,0.00502979751961095
77.8376753507,0.00061081837412314,0.00568873585638546,0.00568873585638546
77.8436873747,0.000596467161494436,0.00723325295301899,0.00723325295301899
77.8496993988,0.000568443997913892,0.00753265732840371,0.00753265732840371
77.8557114228,0.000539004726994123,0.0117740970200226,0.0117740970200226
77.8617234469,0.000524129138023625,0.0165813739874638,0.0165813739874638
77.8677354709,0.000513321960751299,0.027205584265911,0.027205584265911
77.873747495,0.000491920991711868,0.03553085102873,0.03553085102873
77.879759519,0.000468309171184795,0.0434106604604214,0.0434106604604214
77.8857715431,0.000455223285438277,0.170848796716779,0.170848796716779
77.8917835671,0.00044659690723021,0.804994246222106,0.804994246222106
77.8977955912,0.000422982071741085,0.309314234958994,0.309314234958994
77.9038076152,0.000416815520710794,0.134888218711798,0.134888218711798
77.9098196393,0.000421845439255727,0.0609586364694113,0.0609586364694113
77.9158316633,0.00040062748850825,0.0350920634274081,0.0350920634274081
77.9218436874,0.000384112188317376,0.0285621402409688,0.0285621402409688
77.9278557114,0.000382149692875675,0.014448104141833,0.014448104141833
77.9338677355,0.000371463561353793,0.011757367206599,0.011757367206599
77.9398797595,0.000351787344639502,0.0085933554031109,0.0085933554031109
77.9458917836,0.00034111075267405,0.00518346629530826,0.00518346629530826
77.9519038076,0.000329870635334296,0.00421842058458898,0.00421842058458898
77.9579158317,0.000335388236733857,0.00440227267830571,0.00440227267830571
77.9639278557,0.00031705241452519,0.0039490447612616,0.0039490447612616
77.9699398798,0.000312140328803132,0.00241730399893411,0.00241730399893411
77.9759519038,0.000309979449433559,0.00259301567387611,0.00259301567387611
77.9819639279,0.000292074576661819,0.00232678602461172,0.00232678602461172
77.9879759519,0.000282192205953091,0.00192079689080226,0.00192079689080226
77.993987976,0.000292066717019517,0.00188912435135298,0.00188912435135298
78,0.000287874109045827,0.00165139482235802,0.00165139482235802
